AR,CG,CLmax,Clb,Cnb,E_spiral,LD_max,NP_AVL,NP_AeroBuildup,NP_Lehrbuch,NP_Pappas,NP_max,NP_min,SM_max,SM_min,SM_target,S_dm2,V_S,V_md,V_mp,WS_g_dm2,id,lage,leitwerk,mass_kg,mission,motor,roll_AB,roll_AVL,sink_min,span_m,status,steuerung,trag
4.69,36.1,1.212,-0.081,0.0834,0.00477,12.34,33.7,51.2,41.3,39.1,41.3,33.7,5.2,-2.4,3.0,36.01,8.42,14.62,11.16,53.7,ja-3d-eindecker-mitteldecker-normal-hsq-1300,mitteldecker,normal,1.9329,3d,ja,0.2109,0.1822,1.031,1.3,ok,hsq,eindecker
4.69,36.0,1.211,-0.0999,0.0806,0.00726,12.33,38.0,48.9,41.3,39.0,41.3,38.0,5.3,2.0,3.0,36.05,8.42,14.62,11.16,53.6,ja-3d-eindecker-tiefdecker-normal-hsq-1300,tiefdecker,normal,1.9329,3d,ja,0.2144,0.1844,1.031,1.3,ok,hsq,eindecker
12.01,36.5,1.332,-0.1596,0.0254,0.00165,19.0,45.4,54.2,46.5,49.2,49.2,45.4,12.7,8.9,10.0,33.31,6.59,9.52,7.66,36.2,ja-elektrosegler-eindecker-schulterdecker-kreuz-hsq-2000,schulterdecker,kreuz,1.2041,elektrosegler,ja,0.1962,0.1703,0.449,2.0,ok,hsq,eindecker
12.01,36.5,1.332,-0.1598,0.0253,0.00154,19.01,45.4,54.2,46.5,49.2,49.2,45.4,12.7,8.9,10.0,33.31,6.59,9.52,7.66,36.2,ja-elektrosegler-eindecker-schulterdecker-kreuz-hsqk-2000,schulterdecker,kreuz,1.2041,elektrosegler,ja,0.189,0.1713,0.449,2.0,ok,hsqk,eindecker
12.01,36.5,1.332,-0.1595,0.0254,0.00164,19.0,46.8,54.0,46.5,49.2,49.2,46.5,12.7,10.0,10.0,33.31,6.59,9.52,7.66,36.2,ja-elektrosegler-eindecker-schulterdecker-normal-hsq-2000,schulterdecker,normal,1.2041,elektrosegler,ja,0.1962,0.1704,0.449,2.0,ok,hsq,eindecker
12.01,36.5,1.332,-0.1597,0.0253,0.00154,19.01,46.7,54.0,46.5,49.2,49.2,46.5,12.7,10.0,10.0,33.31,6.59,9.52,7.66,36.2,ja-elektrosegler-eindecker-schulterdecker-normal-hsqk-2000,schulterdecker,normal,1.2041,elektrosegler,ja,0.189,0.1714,0.449,2.0,ok,hsqk,eindecker
12.01,36.5,1.332,-0.1597,0.0254,0.00165,19.0,46.4,54.3,46.5,49.2,49.2,46.4,12.7,9.9,10.0,33.31,6.59,9.52,7.66,36.2,ja-elektrosegler-eindecker-schulterdecker-t-hsq-2000,schulterdecker,t,1.2041,elektrosegler,ja,0.1962,0.1702,0.449,2.0,ok,hsq,eindecker
12.01,36.5,1.332,-0.1599,0.0253,0.00154,19.01,46.8,54.3,46.5,49.2,49.2,46.5,12.7,10.0,10.0,33.31,6.59,9.52,7.66,36.2,ja-elektrosegler-eindecker-schulterdecker-t-hsqk-2000,schulterdecker,t,1.2041,elektrosegler,ja,0.189,0.1712,0.449,2.0,ok,hsqk,eindecker
12.01,42.7,1.36,-0.2061,0.0992,-0.00148,18.6,57.2,68.7,52.7,56.2,57.2,52.7,14.5,10.0,10.0,33.31,6.52,9.41,7.54,36.2,ja-elektrosegler-eindecker-schulterdecker-v-hsq-2000,schulterdecker,v,1.2041,elektrosegler,ja,0.1922,0.1691,0.452,2.0,ok,hsq,eindecker
12.01,42.7,1.361,-0.2063,0.0991,-0.00196,18.61,58.5,68.7,52.7,56.2,58.5,52.7,15.8,10.0,10.0,33.31,6.52,9.41,7.54,36.2,ja-elektrosegler-eindecker-schulterdecker-v-hsqk-2000,schulterdecker,v,1.2041,elektrosegler,ja,0.1854,0.1703,0.452,2.0,ok,hsqk,eindecker
5.2,38.6,1.179,-0.0509,0.1031,-0.00046,10.29,38.5,64.4,42.5,41.6,42.5,38.5,3.9,-0.1,3.0,86.56,6.55,13.59,9.73,31.6,ja-kunstflug-doppeldecker-None-normal-hsq-1500,,normal,2.7386,kunstflug,ja,0.1029,0.094,1.12,1.5,ok,hsq,doppeldecker
5.19,38.4,1.231,-0.0821,0.0807,0.00372,13.42,34.6,51.6,42.4,41.4,42.4,34.6,4.0,-3.8,3.0,43.33,9.07,15.83,12.02,63.2,ja-kunstflug-eindecker-mitteldecker-normal-hsq-1500,mitteldecker,normal,2.7386,kunstflug,ja,0.2064,0.1813,1.025,1.5,ok,hsq,eindecker
5.19,38.4,1.23,-0.1015,0.0778,0.00589,13.42,38.1,49.4,42.3,41.4,42.3,38.1,3.9,-0.3,3.0,43.37,9.07,15.83,12.02,63.1,ja-kunstflug-eindecker-tiefdecker-normal-hsq-1500,tiefdecker,normal,2.7386,kunstflug,ja,0.2094,0.1833,1.026,1.5,ok,hsq,eindecker
4.2,24.1,1.208,-0.0406,0.0982,-0.00701,6.51,44.3,57.8,44.2,39.1,44.3,39.1,20.2,15.0,15.0,23.34,4.01,7.16,5.31,11.0,ja-park-doppeldecker-None-normal-hs-700,,normal,0.2561,park,ja,,,0.947,0.7,ok,hs,doppeldecker
4.18,23.8,1.374,-0.1027,0.0607,0.00169,9.37,49.0,55.3,44.0,38.8,49.0,38.8,25.2,15.0,15.0,11.71,5.07,8.51,6.38,21.9,ja-park-eindecker-hochdecker-normal-hs-700,hochdecker,normal,0.2561,park,ja,,,0.791,0.7,ok,hs,eindecker
4.18,23.8,1.373,-0.1128,0.0595,0.0028,9.36,47.1,55.0,43.9,38.8,47.1,38.8,23.3,15.0,15.0,11.72,5.07,8.51,6.38,21.9,ja-park-eindecker-schulterdecker-normal-hs-700,schulterdecker,normal,0.2561,park,ja,,,0.791,0.7,ok,hs,eindecker
7.7,18.5,1.012,-0.0096,0.0093,-0.00063,15.91,20.8,15.5,25.0,25.0,25.0,20.8,6.5,2.3,6.5,8.31,8.89,13.39,10.27,50.0,ja-speed-eindecker-mitteldecker-nf_mitte-elevon-800,mitteldecker,nf_mitte,0.4156,speed,ja,0.2903,0.2662,0.738,0.8,ok,elevon,eindecker
7.7,18.5,1.012,0.0005,-0.0017,0.00011,16.72,20.8,15.4,25.0,25.0,25.0,20.8,6.5,2.3,6.5,8.31,8.89,13.67,10.43,50.0,ja-speed-eindecker-mitteldecker-nf_ohne-elevon-800,mitteldecker,nf_ohne,0.4156,speed,ja,0.2912,0.2668,0.718,0.8,ok,elevon,eindecker
7.7,18.5,1.012,-0.0018,0.0031,-0.00021,15.99,21.1,15.5,25.0,25.0,25.0,21.1,6.5,2.6,6.5,8.31,8.89,13.43,10.29,50.0,ja-speed-eindecker-mitteldecker-nf_winglet-elevon-800,mitteldecker,nf_winglet,0.4156,speed,ja,0.2907,0.2647,0.736,0.8,ok,elevon,eindecker
11.24,39.8,1.146,-0.0942,0.0299,0.00024,17.12,41.6,67.0,46.3,48.9,48.9,41.6,9.1,1.8,6.5,25.71,9.22,13.0,10.29,60.9,ja-speed-eindecker-mitteldecker-normal-hsq-1700,mitteldecker,normal,1.5658,speed,ja,0.1838,0.1732,0.612,1.7,ok,hsq,eindecker
11.24,39.8,1.146,-0.0943,0.0299,0.00024,17.12,42.6,67.8,46.3,48.9,48.9,42.6,9.1,2.8,6.5,25.71,9.22,13.0,10.29,60.9,ja-speed-eindecker-mitteldecker-t-hsq-1700,mitteldecker,t,1.5658,speed,ja,0.1838,0.1732,0.612,1.7,ok,hsq,eindecker
11.24,45.6,1.186,-0.1415,0.1247,-0.00414,16.89,52.5,81.8,52.1,55.4,55.4,52.1,9.8,6.5,6.5,25.71,9.07,12.82,10.17,60.9,ja-speed-eindecker-mitteldecker-v-hsq-1700,mitteldecker,v,1.5658,speed,ja,0.1792,0.1728,0.612,1.7,ok,hsq,eindecker
7.7,18.5,1.01,-0.0097,0.011,-0.00074,16.4,21.3,15.8,25.0,25.0,25.0,21.3,6.5,2.8,6.5,8.31,8.9,13.56,10.36,50.0,ja-speed-eindecker-ohne_rumpf-nf_mitte-elevon-800,ohne_rumpf,nf_mitte,0.4156,speed,ja,0.2903,0.2663,0.725,0.8,ok,elevon,eindecker
7.7,18.5,1.01,0.0005,-0.0001,0.0,17.29,21.3,15.8,25.0,25.0,25.0,21.3,6.5,2.8,6.5,8.31,8.9,13.85,10.54,50.0,ja-speed-eindecker-ohne_rumpf-nf_ohne-elevon-800,ohne_rumpf,nf_ohne,0.4156,speed,ja,0.2912,0.2668,0.704,0.8,ok,elevon,eindecker
7.7,18.5,1.01,-0.0018,0.0047,-0.00032,16.5,21.6,15.8,25.0,25.0,25.0,21.6,6.5,3.1,6.5,8.31,8.9,13.6,10.38,50.0,ja-speed-eindecker-ohne_rumpf-nf_winglet-elevon-800,ohne_rumpf,nf_winglet,0.4156,speed,ja,0.2907,0.2648,0.723,0.8,ok,elevon,eindecker
7.7,18.5,1.012,-0.0095,0.0093,-0.00063,15.91,22.1,16.8,25.0,25.0,25.0,22.1,6.5,3.6,6.5,8.31,8.89,13.39,10.27,50.0,ja-speed-eindecker-schulterdecker-nf_mitte-elevon-800,schulterdecker,nf_mitte,0.4156,speed,ja,0.2903,0.2662,0.738,0.8,ok,elevon,eindecker
7.7,18.5,1.012,0.0006,-0.0017,0.00011,16.72,22.0,16.7,25.0,25.0,25.0,22.0,6.5,3.5,6.5,8.31,8.89,13.67,10.43,50.0,ja-speed-eindecker-schulterdecker-nf_ohne-elevon-800,schulterdecker,nf_ohne,0.4156,speed,ja,0.2912,0.2668,0.718,0.8,ok,elevon,eindecker
7.7,18.5,1.012,-0.0024,0.0031,-0.00021,15.99,22.3,16.8,25.0,25.0,25.0,22.3,6.5,3.8,6.5,8.31,8.89,13.43,10.29,50.0,ja-speed-eindecker-schulterdecker-nf_winglet-elevon-800,schulterdecker,nf_winglet,0.4156,speed,ja,0.2907,0.2643,0.736,0.8,ok,elevon,eindecker
11.24,39.8,1.146,-0.0948,0.0299,0.00024,17.12,47.0,70.3,46.3,48.9,48.9,46.3,9.1,6.5,6.5,25.71,9.22,13.0,10.29,60.9,ja-speed-eindecker-schulterdecker-normal-hsq-1700,schulterdecker,normal,1.5658,speed,ja,0.182,0.1718,0.612,1.7,ok,hsq,eindecker
11.24,39.8,1.146,-0.0949,0.0299,0.00024,17.12,46.9,71.2,46.3,48.9,48.9,46.3,9.1,6.5,6.5,25.71,9.22,13.0,10.29,60.9,ja-speed-eindecker-schulterdecker-t-hsq-1700,schulterdecker,t,1.5658,speed,ja,0.182,0.1717,0.612,1.7,ok,hsq,eindecker
11.24,45.6,1.186,-0.1421,0.1247,-0.00419,16.89,57.3,85.1,52.1,55.4,57.3,52.1,11.7,6.5,6.5,25.71,9.07,12.82,10.17,60.9,ja-speed-eindecker-schulterdecker-v-hsq-1700,schulterdecker,v,1.5658,speed,ja,0.1775,0.1714,0.612,1.7,ok,hsq,eindecker
7.7,15.0,1.08,-0.0166,0.0201,-0.00126,18.94,21.3,17.3,25.0,25.0,25.0,21.3,10.0,6.3,10.0,21.95,8.39,13.35,10.57,47.5,ja-sport-eindecker-ohne_rumpf-nf_mitte-elevon-1300,ohne_rumpf,nf_mitte,1.0425,sport,ja,0.2909,0.2661,0.626,1.3,ok,elevon,eindecker
7.7,15.0,1.08,-0.0004,-0.0002,1e-05,20.0,21.3,17.6,25.0,25.0,25.0,21.3,10.0,6.3,10.0,21.95,8.39,13.66,10.76,47.5,ja-sport-eindecker-ohne_rumpf-nf_ohne-elevon-1300,ohne_rumpf,nf_ohne,1.0425,sport,ja,0.2922,0.2666,0.606,1.3,ok,elevon,eindecker
7.7,15.0,1.08,-0.004,0.0085,-0.00053,19.06,21.5,17.3,25.0,25.0,25.0,21.5,10.0,6.5,10.0,21.95,8.39,13.38,10.59,47.5,ja-sport-eindecker-ohne_rumpf-nf_winglet-elevon-1300,ohne_rumpf,nf_winglet,1.0425,sport,ja,0.2918,0.2646,0.623,1.3,ok,elevon,eindecker
7.7,15.0,1.081,-0.0167,0.0183,-0.00116,18.33,19.3,15.0,25.0,25.0,25.0,19.3,10.0,4.3,10.0,21.95,8.38,13.17,10.46,47.5,ja-sport-eindecker-tiefdecker-nf_mitte-elevon-1300,tiefdecker,nf_mitte,1.0425,sport,ja,0.2909,0.2661,0.638,1.3,ok,elevon,eindecker
7.7,15.0,1.081,-0.0006,-0.0017,0.00011,19.3,19.4,15.3,25.0,25.0,25.0,19.4,10.0,4.4,10.0,21.95,8.38,13.45,10.64,47.5,ja-sport-eindecker-tiefdecker-nf_ohne-elevon-1300,tiefdecker,nf_ohne,1.0425,sport,ja,0.2923,0.2666,0.619,1.3,ok,elevon,eindecker
7.7,15.0,1.081,-0.0028,0.0068,-0.00044,18.44,19.6,15.0,25.0,25.0,25.0,19.6,10.0,4.6,10.0,21.95,8.38,13.19,10.48,47.5,ja-sport-eindecker-tiefdecker-nf_winglet-elevon-1300,tiefdecker,nf_winglet,1.0425,sport,ja,0.2919,0.2651,0.636,1.3,ok,elevon,eindecker
5.59,34.7,1.32,-0.084,0.0803,-0.0012,13.93,42.5,69.5,44.9,44.7,44.9,42.5,10.2,7.8,10.0,30.25,8.01,13.83,10.35,53.0,ja-sport-eindecker-tiefdecker-normal-hsq-1300,tiefdecker,normal,1.6019,sport,ja,0.2072,0.1843,0.847,1.3,ok,hsq,eindecker
5.98,34.2,1.425,-0.1299,0.0958,0.00364,14.42,51.4,77.2,49.2,49.7,51.4,49.2,17.2,15.0,15.0,37.64,7.78,14.05,10.16,53.9,ja-trainer-eindecker-hochdecker-normal-hs-1500,hochdecker,normal,2.0272,trainer,ja,,,0.813,1.5,ok,hs,eindecker
6.0,34.2,1.429,-0.0544,0.1016,-0.0093,14.44,51.5,76.5,49.2,49.7,51.5,49.2,17.3,15.0,15.0,37.52,7.78,14.06,10.16,54.0,ja-trainer-eindecker-hochdecker-normal-hsq-1500,hochdecker,normal,2.0272,trainer,ja,0.2075,0.1837,0.812,1.5,ok,hsq,eindecker
11.34,38.3,1.158,-0.1258,0.0163,0.0024,18.46,40.8,62.0,46.3,49.0,49.0,40.8,10.7,2.5,8.0,35.27,6.66,9.06,7.97,32.1,nein-hang-eindecker-mitteldecker-kreuz-hsq-2000,mitteldecker,kreuz,1.1337,hang,nein,0.1995,0.1719,0.452,2.0,ok,hsq,eindecker
11.34,38.3,1.159,-0.1258,0.0162,0.00234,18.46,38.7,62.1,46.3,49.0,49.0,38.7,10.7,0.4,8.0,35.27,6.66,9.05,7.97,32.1,nein-hang-eindecker-mitteldecker-kreuz-hsqk-2000,mitteldecker,kreuz,1.1337,hang,nein,0.1921,0.1728,0.452,2.0,ok,hsqk,eindecker
7.7,17.0,1.1,-0.0226,0.0215,-0.00137,19.38,20.8,18.5,25.0,25.0,25.0,20.8,8.0,3.8,8.0,51.95,6.72,10.83,8.58,31.0,nein-hang-eindecker-mitteldecker-nf_mitte-elevon-2000,mitteldecker,nf_mitte,1.6104,hang,nein,0.291,0.2662,0.495,2.0,ok,elevon,eindecker
7.7,17.0,1.1,-0.0036,-0.0021,0.00014,20.4,20.8,18.9,25.0,25.0,25.0,20.8,8.0,3.8,8.0,51.95,6.72,11.08,8.72,31.0,nein-hang-eindecker-mitteldecker-nf_ohne-elevon-2000,mitteldecker,nf_ohne,1.6104,hang,nein,0.2926,0.2668,0.479,2.0,ok,elevon,eindecker
7.7,17.0,1.1,-0.008,0.0087,-0.00055,19.47,21.1,18.6,25.0,25.0,25.0,21.1,8.0,4.1,8.0,51.95,6.72,10.84,8.59,31.0,nein-hang-eindecker-mitteldecker-nf_winglet-elevon-2000,mitteldecker,nf_winglet,1.6104,hang,nein,0.2921,0.2647,0.493,2.0,ok,elevon,eindecker
11.34,38.3,1.158,-0.1259,0.0163,0.0024,18.46,42.1,62.4,46.3,49.0,49.0,42.1,10.7,3.8,8.0,35.27,6.66,9.06,7.97,32.1,nein-hang-eindecker-mitteldecker-t-hsq-2000,mitteldecker,t,1.1337,hang,nein,0.1995,0.1718,0.452,2.0,ok,hsq,eindecker
11.34,38.3,1.159,-0.1259,0.0162,0.00234,18.46,40.7,62.4,46.3,49.0,49.0,40.7,10.7,2.4,8.0,35.27,6.66,9.05,7.97,32.1,nein-hang-eindecker-mitteldecker-t-hsqk-2000,mitteldecker,t,1.1337,hang,nein,0.1921,0.1727,0.452,2.0,ok,hsqk,eindecker
11.34,44.2,1.18,-0.1708,0.1156,3e-05,18.17,52.2,72.1,52.2,55.5,55.5,52.2,11.3,8.0,8.0,35.27,6.6,8.95,7.89,32.1,nein-hang-eindecker-mitteldecker-v-hsq-2000,mitteldecker,v,1.1337,hang,nein,0.1965,0.1711,0.455,2.0,ok,hsq,eindecker
11.34,44.2,1.181,-0.1708,0.1156,-0.00047,18.17,50.1,72.2,52.2,55.5,55.5,50.1,11.3,5.9,8.0,35.27,6.6,8.94,7.89,32.1,nein-hang-eindecker-mitteldecker-v-hsqk-2000,mitteldecker,v,1.1337,hang,nein,0.1893,0.1722,0.455,2.0,ok,hsqk,eindecker
7.7,17.0,1.099,-0.0228,0.0234,-0.00145,20.05,21.3,19.1,25.0,25.0,25.0,21.3,8.0,4.3,8.0,51.95,6.72,11.01,8.67,31.0,nein-hang-eindecker-ohne_rumpf-nf_mitte-elevon-2000,ohne_rumpf,nf_mitte,1.6104,hang,nein,0.291,0.2663,0.485,2.0,ok,elevon,eindecker
7.7,17.0,1.099,-0.0036,-0.0005,4e-05,21.18,21.3,19.6,25.0,25.0,25.0,21.3,8.0,4.3,8.0,51.95,6.72,11.3,8.83,31.0,nein-hang-eindecker-ohne_rumpf-nf_ohne-elevon-2000,ohne_rumpf,nf_ohne,1.6104,hang,nein,0.2926,0.2668,0.469,2.0,ok,elevon,eindecker
7.7,17.0,1.099,-0.0081,0.0104,-0.00064,20.15,21.5,19.1,25.0,25.0,25.0,21.5,8.0,4.5,8.0,51.95,6.72,11.02,8.68,31.0,nein-hang-eindecker-ohne_rumpf-nf_winglet-elevon-2000,ohne_rumpf,nf_winglet,1.6104,hang,nein,0.2921,0.2647,0.483,2.0,ok,elevon,eindecker
11.34,38.3,1.158,-0.1263,0.0163,0.0024,18.46,44.8,65.4,46.3,49.0,49.0,44.8,10.7,6.5,8.0,35.27,6.66,9.06,7.97,32.1,nein-hang-eindecker-schulterdecker-kreuz-hsq-2000,schulterdecker,kreuz,1.1337,hang,nein,0.1977,0.1705,0.452,2.0,ok,hsq,eindecker
11.34,38.3,1.159,-0.1263,0.0162,0.00234,18.46,44.9,65.4,46.3,49.0,49.0,44.9,10.7,6.6,8.0,35.27,6.66,9.05,7.97,32.1,nein-hang-eindecker-schulterdecker-kreuz-hsqk-2000,schulterdecker,kreuz,1.1337,hang,nein,0.1904,0.1714,0.452,2.0,ok,hsqk,eindecker
7.7,17.0,1.1,-0.0224,0.0215,-0.00137,19.38,21.9,19.7,25.0,25.0,25.0,21.9,8.0,4.9,8.0,51.95,6.72,10.83,8.58,31.0,nein-hang-eindecker-schulterdecker-nf_mitte-elevon-2000,schulterdecker,nf_mitte,1.6104,hang,nein,0.291,0.2662,0.495,2.0,ok,elevon,eindecker
7.7,17.0,1.1,-0.0035,-0.0021,0.00014,20.4,21.9,20.0,25.0,25.0,25.0,21.9,8.0,4.9,8.0,51.95,6.72,11.08,8.72,31.0,nein-hang-eindecker-schulterdecker-nf_ohne-elevon-2000,schulterdecker,nf_ohne,1.6104,hang,nein,0.2925,0.2667,0.479,2.0,ok,elevon,eindecker
7.7,17.0,1.1,-0.0092,0.0087,-0.00055,19.47,22.2,19.7,25.0,25.0,25.0,22.2,8.0,5.2,8.0,51.95,6.72,10.84,8.59,31.0,nein-hang-eindecker-schulterdecker-nf_winglet-elevon-2000,schulterdecker,nf_winglet,1.6104,hang,nein,0.292,0.2642,0.493,2.0,ok,elevon,eindecker
11.34,38.3,1.158,-0.1264,0.0163,0.0024,18.46,45.8,65.8,46.3,49.0,49.0,45.8,10.7,7.5,8.0,35.27,6.66,9.06,7.97,32.1,nein-hang-eindecker-schulterdecker-t-hsq-2000,schulterdecker,t,1.1337,hang,nein,0.1977,0.1704,0.452,2.0,ok,hsq,eindecker
11.34,38.3,1.159,-0.1264,0.0162,0.00234,18.46,46.2,65.8,46.3,49.0,49.0,46.2,10.7,7.9,8.0,35.27,6.66,9.05,7.97,32.1,nein-hang-eindecker-schulterdecker-t-hsqk-2000,schulterdecker,t,1.1337,hang,nein,0.1904,0.1713,0.452,2.0,ok,hsqk,eindecker
11.34,44.2,1.18,-0.1712,0.1156,-2e-05,18.17,56.4,75.4,52.2,55.5,56.4,52.2,12.2,8.0,8.0,35.27,6.6,8.95,7.89,32.1,nein-hang-eindecker-schulterdecker-v-hsq-2000,schulterdecker,v,1.1337,hang,nein,0.1948,0.1697,0.455,2.0,ok,hsq,eindecker
11.34,44.2,1.181,-0.1713,0.1156,-0.00053,18.17,57.3,75.5,52.2,55.5,57.3,52.2,13.1,8.0,8.0,35.27,6.6,8.94,7.89,32.1,nein-hang-eindecker-schulterdecker-v-hsqk-2000,schulterdecker,v,1.1337,hang,nein,0.1877,0.1708,0.455,2.0,ok,hsqk,eindecker
9.84,32.0,1.226,-0.1921,0.0235,0.0058,16.26,48.4,53.9,45.5,48.0,48.4,45.5,16.4,13.5,13.5,40.64,5.25,7.81,5.78,21.1,nein-segel_trainer-eindecker-hochdecker-normal-hs-2000,hochdecker,normal,0.858,segel_trainer,nein,,,0.41,2.0,ok,hs,eindecker
9.84,32.0,1.226,-0.1923,0.0235,0.00581,16.26,46.9,54.1,45.5,48.0,48.0,45.5,16.0,13.5,13.5,40.64,5.25,7.81,5.78,21.1,nein-segel_trainer-eindecker-hochdecker-t-hs-2000,hochdecker,t,0.858,segel_trainer,nein,,,0.41,2.0,ok,hs,eindecker
9.84,32.0,1.226,-0.1908,0.0235,0.00576,16.26,47.1,52.9,45.5,48.0,48.0,45.5,16.0,13.5,13.5,40.64,5.25,7.81,5.78,21.1,nein-segel_trainer-eindecker-schulterdecker-normal-hs-2000,schulterdecker,normal,0.858,segel_trainer,nein,,,0.41,2.0,ok,hs,eindecker
9.84,32.0,1.226,-0.1911,0.0235,0.00577,16.26,46.0,53.1,45.5,48.0,48.0,45.5,16.0,13.5,13.5,40.64,5.25,7.81,5.78,21.1,nein-segel_trainer-eindecker-schulterdecker-t-hs-2000,schulterdecker,t,0.858,segel_trainer,nein,,,0.41,2.0,ok,hs,eindecker
14.38,37.3,1.291,-0.2687,0.0279,0.0086,20.3,51.6,63.5,47.3,50.2,51.6,47.3,14.3,10.0,10.0,62.59,5.61,7.79,6.42,25.4,nein-thermik-eindecker-schulterdecker-kreuz-hs-3000,schulterdecker,kreuz,1.59,thermik,nein,,,0.346,3.0,ok,hs,eindecker
14.59,37.4,1.327,-0.1584,0.0275,0.00134,20.7,46.1,58.1,47.4,50.3,50.3,46.1,12.9,8.7,10.0,61.68,5.57,7.79,6.42,25.8,nein-thermik-eindecker-schulterdecker-kreuz-hsqk-3000,schulterdecker,kreuz,1.59,thermik,nein,0.1846,0.1704,0.34,3.0,ok,hsqk,eindecker
14.38,37.3,1.291,-0.2688,0.0279,0.00861,20.3,52.0,63.7,47.3,50.2,52.0,47.3,14.7,10.0,10.0,62.59,5.61,7.79,6.42,25.4,nein-thermik-eindecker-schulterdecker-t-hs-3000,schulterdecker,t,1.59,thermik,nein,,,0.346,3.0,ok,hs,eindecker
14.59,37.4,1.327,-0.1585,0.0275,0.00134,20.7,48.2,58.3,47.4,50.3,50.3,47.4,12.9,10.0,10.0,61.68,5.57,7.79,6.42,25.8,nein-thermik-eindecker-schulterdecker-t-hsqk-3000,schulterdecker,t,1.59,thermik,nein,0.1846,0.1703,0.34,3.0,ok,hsqk,eindecker
14.38,46.2,1.322,-0.3264,0.1345,0.01422,19.71,68.5,84.0,56.2,60.2,68.5,56.2,22.3,10.0,10.0,62.59,5.55,7.65,6.3,25.4,nein-thermik-eindecker-schulterdecker-v-hs-3000,schulterdecker,v,1.59,thermik,nein,,,0.349,3.0,ok,hs,eindecker
14.59,45.0,1.355,-0.2017,0.1112,-0.00359,20.22,62.4,75.5,55.0,58.8,62.4,55.0,17.4,10.0,10.0,61.68,5.52,7.69,6.32,25.8,nein-thermik-eindecker-schulterdecker-v-hsqk-3000,schulterdecker,v,1.59,thermik,nein,0.1819,0.1696,0.342,3.0,ok,hsqk,eindecker
8.97,38.5,1.159,-0.1278,0.0752,-0.00269,14.18,43.6,39.9,45.0,47.1,47.1,43.6,8.6,5.1,6.5,25.1,4.54,6.62,5.03,14.9,nein-wurf-eindecker-schulterdecker-normal-hsq-1500,schulterdecker,normal,0.3749,wurf,nein,0.2056,0.1719,0.405,1.5,ok,hsq,eindecker
8.97,38.5,1.159,-0.1282,0.0752,-0.00268,14.18,43.8,39.9,45.0,47.1,47.1,43.8,8.6,5.3,6.5,25.1,4.54,6.62,5.03,14.9,nein-wurf-eindecker-schulterdecker-t-hsq-1500,schulterdecker,t,0.3749,wurf,nein,0.2056,0.1711,0.405,1.5,ok,hsq,eindecker
8.97,47.2,1.194,-0.2081,0.1835,-0.00895,13.51,60.8,55.1,53.7,56.7,60.8,53.7,13.6,6.5,6.5,25.1,4.48,6.46,4.96,14.9,nein-wurf-eindecker-schulterdecker-v-hsq-1500,schulterdecker,v,0.3749,wurf,nein,0.1922,0.1628,0.415,1.5,ok,hsq,eindecker
