id,Clb_AVL,Cnb_AVL,Clr_AVL,Cnr_AVL,E_AVL,Clb_AB,Cnb_AB,E_spiral_AB
ja-3d-eindecker-mitteldecker-normal-hsq-1300,-0.09198,0.084623,0.086169,-0.147629,0.006287036133000003,-0.081,0.0834,0.00477
ja-3d-eindecker-tiefdecker-normal-hsq-1300,-0.092557,0.086007,0.085271,-0.146799,0.006253372146,-0.0999,0.0806,0.00726
ja-elektrosegler-eindecker-schulterdecker-kreuz-hsq-2000,-0.156895,0.036692,0.173067,-0.04644,0.0009360294360000005,-0.1596,0.0254,0.00165
ja-elektrosegler-eindecker-schulterdecker-kreuz-hsqk-2000,-0.155613,0.036621,0.175194,-0.046322,0.0007925259120000003,-0.1598,0.0253,0.00154
ja-elektrosegler-eindecker-schulterdecker-normal-hsq-2000,-0.154742,0.04118,0.171255,-0.04868,0.0004805596599999993,-0.1595,0.0254,0.00164
ja-elektrosegler-eindecker-schulterdecker-normal-hsqk-2000,-0.15345,0.041246,0.173348,-0.048653,0.0003158912420000012,-0.1597,0.0253,0.00154
ja-elektrosegler-eindecker-schulterdecker-t-hsq-2000,-0.1601,0.040187,0.174853,-0.049105,0.0008348929890000002,-0.1597,0.0254,0.00165
ja-elektrosegler-eindecker-schulterdecker-t-hsqk-2000,-0.158838,0.040036,0.176926,-0.04892,0.0006869456239999997,-0.1599,0.0253,0.00154
ja-elektrosegler-eindecker-schulterdecker-v-hsq-2000,-0.187975,0.059789,0.196041,-0.064536,0.0004100592509999994,-0.2061,0.0992,-0.00148
ja-elektrosegler-eindecker-schulterdecker-v-hsqk-2000,-0.186627,0.059696,0.197769,-0.064285,0.00019129847099999715,-0.2063,0.0991,-0.00196
ja-kunstflug-doppeldecker-None-normal-hsq-1500,-0.0547,0.092278,0.072677,-0.116242,-0.00034805080600000017,-0.0509,0.1031,-0.00046
ja-kunstflug-eindecker-mitteldecker-normal-hsq-1500,-0.089086,0.077904,0.086713,-0.117273,0.0036920929260000008,-0.0821,0.0807,0.00372
ja-kunstflug-eindecker-tiefdecker-normal-hsq-1500,-0.091385,0.079008,0.085628,-0.116555,0.003886081651000001,-0.1015,0.0778,0.00589
ja-park-doppeldecker-None-normal-hs-700,-0.077708,0.161082,0.127704,-0.219054,-0.003548567496000004,-0.0406,0.0982,-0.00701
ja-park-eindecker-hochdecker-normal-hs-700,-0.14595,0.146061,0.167442,-0.201916,0.005012894238000002,-0.1027,0.0607,0.00169
ja-park-eindecker-schulterdecker-normal-hs-700,-0.150229,0.144057,0.167469,-0.200965,0.006065689252,-0.1128,0.0595,0.0028
ja-speed-eindecker-mitteldecker-nf_mitte-elevon-800,-0.072143,0.028834,0.107431,-0.009401,-0.0024194491109999997,-0.0096,0.0093,-0.00063
ja-speed-eindecker-mitteldecker-nf_ohne-elevon-800,-0.062455,0.004007,0.100492,-0.002112,-0.000270766484,0.0005,-0.0017,0.00011
ja-speed-eindecker-mitteldecker-nf_winglet-elevon-800,-0.092629,0.016636,0.112156,-0.00629,-0.0012831908060000003,-0.0018,0.0031,-0.00021
ja-speed-eindecker-mitteldecker-normal-hsq-1700,-0.136105,0.042071,0.134047,-0.056329,0.002027167208,-0.0942,0.0299,0.00024
ja-speed-eindecker-mitteldecker-t-hsq-1700,-0.140488,0.039875,0.13725,-0.055654,0.002345875402000001,-0.0943,0.0299,0.00024
ja-speed-eindecker-mitteldecker-v-hsq-1700,-0.16251,0.059593,0.154658,-0.07481,0.0029408389059999984,-0.1415,0.1247,-0.00414
ja-speed-eindecker-ohne_rumpf-nf_mitte-elevon-800,-0.070503,0.03001,0.105301,-0.008544,-0.002557705378,-0.0097,0.011,-0.00074
ja-speed-eindecker-ohne_rumpf-nf_ohne-elevon-800,-0.060745,0.00523,0.098334,-0.001257,-0.00043793035500000005,0.0005,-0.0001,0.0
ja-speed-eindecker-ohne_rumpf-nf_winglet-elevon-800,-0.09091,0.017894,0.109998,-0.005424,-0.0014752083720000002,-0.0018,0.0047,-0.00032
ja-speed-eindecker-schulterdecker-nf_mitte-elevon-800,-0.072588,0.028789,0.107865,-0.009416,-0.0024218368769999997,-0.0095,0.0093,-0.00063
ja-speed-eindecker-schulterdecker-nf_ohne-elevon-800,-0.062419,0.004002,0.100797,-0.002128,-0.00027056196200000006,0.0006,-0.0017,0.00011
ja-speed-eindecker-schulterdecker-nf_winglet-elevon-800,-0.094283,0.016781,0.113028,-0.006379,-0.0012952916110000002,-0.0024,0.0031,-0.00021
ja-speed-eindecker-schulterdecker-normal-hsq-1700,-0.139515,0.042441,0.140878,-0.05734,0.002020786902000001,-0.0948,0.0299,0.00024
ja-speed-eindecker-schulterdecker-t-hsq-1700,-0.1439,0.03909,0.144567,-0.056224,0.0024395095700000006,-0.0949,0.0299,0.00024
ja-speed-eindecker-schulterdecker-v-hsq-1700,-0.165987,0.057572,0.161945,-0.075687,0.0032395605290000008,-0.1421,0.1247,-0.00419
ja-sport-eindecker-ohne_rumpf-nf_mitte-elevon-1300,-0.06923,0.030863,0.103626,-0.00901,-0.002574446938,-0.0166,0.0201,-0.00126
ja-sport-eindecker-ohne_rumpf-nf_ohne-elevon-1300,-0.059322,0.004989,0.096275,-0.001181,-0.00041025669300000006,-0.0004,-0.0002,1e-05
ja-sport-eindecker-ohne_rumpf-nf_winglet-elevon-1300,-0.089673,0.018475,0.108651,-0.00569,-0.0014970878549999996,-0.004,0.0085,-0.00053
ja-sport-eindecker-tiefdecker-nf_mitte-elevon-1300,-0.070537,0.029736,0.105731,-0.009843,-0.002449721325,-0.0167,0.0183,-0.00116
ja-sport-eindecker-tiefdecker-nf_ohne-elevon-1300,-0.061224,0.003824,0.09881,-0.002011,-0.000254727976,-0.0006,-0.0017,0.00011
ja-sport-eindecker-tiefdecker-nf_winglet-elevon-1300,-0.089098,0.017049,0.110258,-0.006431,-0.001306799404,-0.0028,0.0068,-0.00044
ja-sport-eindecker-tiefdecker-normal-hsq-1300,-0.087063,0.083511,0.110792,-0.112114,0.0005086304700000002,-0.084,0.0803,-0.0012
ja-trainer-eindecker-hochdecker-normal-hs-1500,-0.136928,0.084722,0.143883,-0.126911,0.005187613881999998,-0.1299,0.0958,0.00364
ja-trainer-eindecker-hochdecker-normal-hsq-1500,-0.08788,0.088814,0.12842,-0.127109,-0.00023515496000000094,-0.0544,0.1016,-0.0093
nein-hang-eindecker-mitteldecker-kreuz-hsq-2000,-0.131456,0.034491,0.158148,-0.054366,0.0016920542279999983,-0.1258,0.0163,0.0024
nein-hang-eindecker-mitteldecker-kreuz-hsqk-2000,-0.131557,0.034027,0.158674,-0.054153,0.0017250060229999998,-0.1258,0.0162,0.00234
nein-hang-eindecker-mitteldecker-nf_mitte-elevon-2000,-0.070958,0.027946,0.101943,-0.009381,-0.00218324208,-0.0226,0.0215,-0.00137
nein-hang-eindecker-mitteldecker-nf_ohne-elevon-2000,-0.06077,0.002936,0.094664,-0.001963,-0.00015864199400000001,-0.0036,-0.0021,0.00014
nein-hang-eindecker-mitteldecker-nf_winglet-elevon-2000,-0.091559,0.015975,0.107154,-0.006254,-0.0011391751639999999,-0.008,0.0087,-0.00055
nein-hang-eindecker-mitteldecker-t-hsq-2000,-0.133905,0.038099,0.159717,-0.057426,0.0016045705469999987,-0.1259,0.0163,0.0024
nein-hang-eindecker-mitteldecker-t-hsqk-2000,-0.134036,0.037626,0.160136,-0.057209,0.0016427883879999994,-0.1259,0.0162,0.00234
nein-hang-eindecker-mitteldecker-v-hsq-2000,-0.156095,0.057744,0.17875,-0.074965,0.0013799216750000013,-0.1708,0.1156,3e-05
nein-hang-eindecker-mitteldecker-v-hsqk-2000,-0.156024,0.056902,0.17914,-0.074538,0.001436292631999998,-0.1708,0.1156,-0.00047
nein-hang-eindecker-ohne_rumpf-nf_mitte-elevon-2000,-0.068994,0.029076,0.099059,-0.008509,-0.002293169538,-0.0228,0.0234,-0.00145
nein-hang-eindecker-ohne_rumpf-nf_ohne-elevon-2000,-0.058429,0.004088,0.091227,-0.001085,-0.000309540511,-0.0036,-0.0005,4e-05
nein-hang-eindecker-ohne_rumpf-nf_winglet-elevon-2000,-0.08948,0.01721,0.104213,-0.005371,-0.00131290865,-0.0081,0.0104,-0.00064
nein-hang-eindecker-schulterdecker-kreuz-hsq-2000,-0.13483,0.034112,0.164251,-0.055128,0.0018299781279999998,-0.1263,0.0163,0.0024
nein-hang-eindecker-schulterdecker-kreuz-hsqk-2000,-0.13359,0.034236,0.166245,-0.055019,0.0016584243899999988,-0.1263,0.0162,0.00234
nein-hang-eindecker-schulterdecker-nf_mitte-elevon-2000,-0.071397,0.027903,0.102368,-0.009396,-0.002185528092,-0.0224,0.0215,-0.00137
nein-hang-eindecker-schulterdecker-nf_ohne-elevon-2000,-0.060736,0.002929,0.094959,-0.001979,-0.00015793836700000004,-0.0035,-0.0021,0.00014
nein-hang-eindecker-schulterdecker-nf_winglet-elevon-2000,-0.093219,0.016098,0.108011,-0.006333,-0.0011484051510000002,-0.0092,0.0087,-0.00055
nein-hang-eindecker-schulterdecker-t-hsq-2000,-0.137341,0.037294,0.166069,-0.058072,0.0017822892659999992,-0.1264,0.0163,0.0024
nein-hang-eindecker-schulterdecker-t-hsqk-2000,-0.136124,0.037366,0.168028,-0.057893,0.0016020924839999992,-0.1264,0.0162,0.00234
nein-hang-eindecker-schulterdecker-v-hsq-2000,-0.159529,0.055627,0.185173,-0.075914,0.0018098660349999997,-0.1712,0.1156,-2e-05
nein-hang-eindecker-schulterdecker-v-hsqk-2000,-0.158161,0.055805,0.187006,-0.075677,0.0015332801669999986,-0.1713,0.1156,-0.00053
nein-segel_trainer-eindecker-hochdecker-normal-hs-2000,-0.219369,0.047908,0.164844,-0.068351,0.007096744166999999,-0.1921,0.0235,0.0058
nein-segel_trainer-eindecker-hochdecker-t-hs-2000,-0.225034,0.046311,0.169688,-0.068899,0.007646196598000001,-0.1923,0.0235,0.00581
nein-segel_trainer-eindecker-schulterdecker-normal-hs-2000,-0.217758,0.047029,0.163349,-0.068038,0.007133678683,-0.1908,0.0235,0.00576
nein-segel_trainer-eindecker-schulterdecker-t-hs-2000,-0.223526,0.045542,0.168102,-0.068625,0.007683770466000002,-0.1911,0.0235,0.00577
nein-thermik-eindecker-schulterdecker-kreuz-hs-3000,-0.275509,0.033873,0.194173,-0.053341,0.008118703540000001,-0.2687,0.0279,0.0086
nein-thermik-eindecker-schulterdecker-kreuz-hsqk-3000,-0.161572,0.033228,0.186158,-0.046259,0.0012885011239999996,-0.1584,0.0275,0.00134
nein-thermik-eindecker-schulterdecker-t-hs-3000,-0.278065,0.037506,0.195614,-0.056191,0.008288051731,-0.2688,0.0279,0.00861
nein-thermik-eindecker-schulterdecker-t-hsqk-3000,-0.163961,0.036367,0.187296,-0.04866,0.001166948628000001,-0.1585,0.0275,0.00134
nein-thermik-eindecker-schulterdecker-v-hs-3000,-0.310448,0.071664,0.220838,-0.082377,0.009747640464,-0.3264,0.1345,0.01422
nein-thermik-eindecker-schulterdecker-v-hsqk-3000,-0.18887,0.061567,0.20602,-0.06749,6.280296000000032e-05,-0.2017,0.1112,-0.00359
nein-wurf-eindecker-schulterdecker-normal-hsq-1500,-0.133141,0.117111,0.161713,-0.12269,-0.0026033018529999993,-0.1278,0.0752,-0.00269
nein-wurf-eindecker-schulterdecker-t-hsq-1500,-0.14237,0.116243,0.16876,-0.123998,-0.0019635734199999998,-0.1282,0.0752,-0.00268
nein-wurf-eindecker-schulterdecker-v-hsq-1500,-0.227456,0.199122,0.241205,-0.189237,-0.004986130938000002,-0.2081,0.1835,-0.00895
