id,alpha_VLM,CL_VLM,Clb_VLM,Cnb_VLM,Clr_VLM,Cnr_VLM,Clp_VLM,E_VLM,Clb_AVL,Cnb_AVL,E_AVL,Clb_AB,Cnb_AB,E_AB
ja-3d-eindecker-mitteldecker-normal-hsq-1300,5.27,0.402,-0.03900193906743531,0.12482597507762039,0.06906242887244102,-0.1630985425932382,-0.36747079966331336,-0.0022596256050222757,-0.09198,0.084623,0.006287036133000003,-0.081,0.0834,0.00477
ja-3d-eindecker-tiefdecker-normal-hsq-1300,5.24,0.401,-0.04920097634463893,0.12236218692045557,0.0715818141051121,-0.16248520233092784,-0.36225715858202545,-0.0007644767213971781,-0.092557,0.086007,0.006253372146,-0.0999,0.0806,0.00726
ja-elektrosegler-eindecker-schulterdecker-kreuz-hsq-2000,2.1,0.639,-0.11952959405427253,0.033412985892882566,0.15679683201513261,-0.038905868184596494,-0.5922068920911702,-0.0005886477057364479,-0.156895,0.036692,0.0009360294360000005,-0.1596,0.0254,0.00165
ja-elektrosegler-eindecker-schulterdecker-kreuz-hsqk-2000,2.1,0.639,-0.11952959405407852,0.033412985892714415,0.15679683201510697,-0.03890586818460128,-0.5922068920911426,-0.0005886477057162011,-0.155613,0.036621,0.0007925259120000003,-0.1598,0.0253,0.00154
ja-elektrosegler-eindecker-schulterdecker-normal-hsq-2000,2.09,0.639,-0.11774757172284939,0.05937800546157174,0.15532714907546366,-0.05648593205078621,-0.5916581857795459,-0.002571934970651301,-0.154742,0.04118,0.0004805596599999993,-0.1595,0.0254,0.00164
ja-elektrosegler-eindecker-schulterdecker-normal-hsqk-2000,2.09,0.639,-0.11774757172325781,0.059378005461707406,0.1553271490754534,-0.0564859320507801,-0.5916581857795745,-0.0025719349706494156,-0.15345,0.041246,0.0003158912420000012,-0.1597,0.0253,0.00154
ja-elektrosegler-eindecker-schulterdecker-t-hsq-2000,2.07,0.639,-0.1269188402188849,0.051050824151341614,0.16192591128376443,-0.05264870537075893,-0.5920527499109095,-0.0015843385978107014,-0.1601,0.040187,0.0008348929890000002,-0.1597,0.0254,0.00165
ja-elektrosegler-eindecker-schulterdecker-t-hsqk-2000,2.07,0.639,-0.12691884021801703,0.051050824151219566,0.1619259112837376,-0.052648705370763736,-0.5920527499108919,-0.00158433859783465,-0.158838,0.040036,0.0006869456239999997,-0.1599,0.0253,0.00154
ja-elektrosegler-eindecker-schulterdecker-v-hsq-2000,2.23,0.654,-0.14609283609191878,0.05309159215992446,0.17925124428038874,-0.05548925052673487,-0.5937105066874137,-0.001410151973427698,-0.187975,0.059789,0.0004100592509999994,-0.2061,0.0992,-0.00148
ja-elektrosegler-eindecker-schulterdecker-v-hsqk-2000,2.23,0.654,-0.14609283609014456,0.05309159215988816,0.1792512442804723,-0.05548925052673354,-0.5937105066873748,-0.0014101519735242683,-0.186627,0.059696,0.00019129847099999715,-0.2063,0.0991,-0.00196
ja-kunstflug-doppeldecker-None-normal-hsq-1500,4.12,0.274,-0.021278746683701374,0.11649583383849371,0.05127107376837973,-0.13386981591466968,-0.35740101042000555,-0.0031242845890003274,-0.0547,0.092278,-0.00034805080600000017,-0.0509,0.1031,-0.00046
ja-kunstflug-eindecker-mitteldecker-normal-hsq-1500,5.08,0.403,-0.0405142467349777,0.11137682077999916,0.06722861398739083,-0.1329412316578782,-0.3917479064651752,-0.0021016954307222675,-0.089086,0.077904,0.0036920929260000008,-0.0821,0.0807,0.00372
ja-kunstflug-eindecker-tiefdecker-normal-hsq-1500,5.05,0.403,-0.051353095578673104,0.1085814961291468,0.0696896324810041,-0.13222274755903626,-0.38646511381043636,-0.0007769571664038551,-0.091385,0.079008,0.003886081651000001,-0.1015,0.0778,0.00589
ja-park-doppeldecker-None-normal-hs-700,2.68,0.343,-0.0253386807413857,0.19166819149209405,0.10443187922254385,-0.25647023746042064,-0.3349124924823578,-0.013517651958028796,-0.077708,0.161082,-0.003548567496000004,-0.0406,0.0982,-0.00701
ja-park-eindecker-hochdecker-normal-hs-700,3.11,0.484,-0.06193621298328555,0.20562887666950985,0.1348104893570614,-0.27069739069350973,-0.3814302881449811,-0.010954958245746577,-0.14595,0.146061,0.005012894238000002,-0.1027,0.0607,0.00169
ja-park-eindecker-schulterdecker-normal-hs-700,3.12,0.483,-0.06506158540647394,0.19343020677231193,0.13479416263972258,-0.2616644497118815,-0.37842606265769535,-0.009048958808334593,-0.150229,0.144057,0.006065689252,-0.1128,0.0595,0.0028
ja-speed-eindecker-mitteldecker-nf_mitte-elevon-800,5.25,0.446,-0.032607504370500105,0.0013481918620994152,0.060169292818294765,-0.0008087533807624434,-0.48448031567731276,-5.4748321528033675e-05,-0.064192,0.006254,-0.000481854534,-0.0096,-0.003,0.00024
ja-speed-eindecker-mitteldecker-nf_ohne-elevon-800,5.02,0.428,-0.032300389466492635,-0.00037221034748883153,0.057538756337118906,-4.4109732741400595e-06,-0.48398662090558087,2.155899664499525e-05,-0.062455,0.004007,-0.000270766484,0.0005,-0.0017,0.00011
ja-speed-eindecker-mitteldecker-nf_winglet-elevon-800,5.18,0.441,-0.07040318619307091,0.08689351903624422,0.0783673962061573,-0.03323705655063318,-0.4726460349278863,-0.0044696241532167676,-0.092629,0.016636,-0.0012831908060000003,-0.0018,0.0031,-0.00021
ja-speed-eindecker-mitteldecker-normal-hsq-1700,3.72,0.577,-0.0961879003908122,0.057361813541259715,0.11638756533335015,-0.06271300573906195,-0.5674481616075203,-0.0006439694719354893,-0.136105,0.042071,0.002027167208,-0.0942,0.0299,0.00024
ja-speed-eindecker-mitteldecker-t-hsq-1700,3.7,0.577,-0.10385854809612251,0.047910584142170046,0.12269678234167011,-0.05643820023881091,-0.5673340458565421,-1.6884980392974265e-05,-0.140488,0.039875,0.002345875402000001,-0.0943,0.0299,0.00024
ja-speed-eindecker-mitteldecker-v-hsq-1700,3.71,0.593,-0.11945174308543546,0.0512686848624723,0.13784067352720264,-0.06151333248071357,-0.5677484902236705,0.0002809647355180899,-0.16251,0.059593,0.0029408389059999984,-0.1415,0.1247,-0.00414
ja-speed-eindecker-ohne_rumpf-nf_mitte-elevon-800,5.11,0.435,-0.0318787728132312,0.001310811736039852,0.05847552447414749,-0.0007961545750467859,-0.4845971494270794,-5.1269972929667014e-05,-0.062562,0.00743,-0.000648179988,-0.0097,-0.0014,0.00013
ja-speed-eindecker-ohne_rumpf-nf_ohne-elevon-800,4.88,0.417,-0.031547920806773044,-0.00036195874164275503,0.05584603722387565,-5.474134242667033e-06,-0.48409921749526885,2.038665891286179e-05,-0.060745,0.00523,-0.00043793035500000005,0.0005,-0.0001,0.0
ja-speed-eindecker-ohne_rumpf-nf_winglet-elevon-800,5.05,0.43,-0.07006462710695413,0.08460325723206605,0.07674101251522161,-0.0323944535358651,-0.4741805787908115,-0.004222834314750554,-0.09091,0.017894,-0.0014752083720000002,-0.0018,0.0047,-0.00032
ja-speed-eindecker-schulterdecker-nf_mitte-elevon-800,5.25,0.446,-0.03077916959831852,0.0015153942290557696,0.05967472618219587,-0.0008557283255139752,-0.484493313930758,-6.40921284159031e-05,-0.064092,0.006214,-0.00047893343,-0.0095,-0.003,0.00024
ja-speed-eindecker-schulterdecker-nf_ohne-elevon-800,5.02,0.428,-0.03229938785379364,-0.0003722103471907444,0.057542707414602975,-4.410973270866648e-06,-0.48383440194784416,2.1560462841573234e-05,-0.062419,0.004002,-0.00027056196200000006,0.0006,-0.0017,0.00011
ja-speed-eindecker-schulterdecker-nf_winglet-elevon-800,5.18,0.441,-0.07188098177814735,0.08689351903673628,0.07904945586933951,-0.03323705655070954,-0.474104821852556,-0.0044797731421452915,-0.094283,0.016781,-0.0012952916110000002,-0.0024,0.0031,-0.00021
ja-speed-eindecker-schulterdecker-normal-hsq-1700,3.72,0.577,-0.09752413351266284,0.06194038519236383,0.11754197627178203,-0.0639488440060231,-0.5752355209391998,-0.0010440396857220226,-0.139515,0.042441,0.002020786902000001,-0.0948,0.0299,0.00024
ja-speed-eindecker-schulterdecker-t-hsq-1700,3.71,0.577,-0.10489901219969548,0.052199788084935,0.12382776368852405,-0.05864131558037756,-0.5752425051920818,-0.00031236694510014627,-0.1439,0.03909,0.0024395095700000006,-0.0949,0.0299,0.00024
ja-speed-eindecker-schulterdecker-v-hsq-1700,3.82,0.593,-0.12022240227825097,0.05244382721010811,0.13978750782883903,-0.06169775697907121,-0.575849420220204,8.64606524963972e-05,-0.165987,0.057572,0.0032395605290000008,-0.1421,0.1247,-0.00419
ja-sport-eindecker-ohne_rumpf-nf_mitte-elevon-1300,5.0,0.426,-0.03130986506841455,0.002281527121157154,0.05715330038176236,-0.001080349179224062,-0.4846863261180157,-9.657121785635456e-05,-0.061251,0.008337,-0.0007263485220000001,-0.0166,0.0004,1e-05
ja-sport-eindecker-ohne_rumpf-nf_ohne-elevon-1300,4.76,0.407,-0.030881956361687043,-0.0003532566483462513,0.05434799752032947,-8.111565984047404e-06,-0.48419646819465306,1.944929247510626e-05,-0.059322,0.004989,-0.00041025669300000006,-0.0004,-0.0002,1e-05
ja-sport-eindecker-ohne_rumpf-nf_winglet-elevon-1300,4.96,0.423,-0.06956022235443012,0.07318337612076813,0.07504981638335949,-0.02820124406417796,-0.4752661927412057,-0.003530714132402212,-0.089673,0.018475,-0.0014970878549999996,-0.004,0.0085,-0.00053
ja-sport-eindecker-tiefdecker-nf_mitte-elevon-1300,5.15,0.438,-0.03358263061664966,0.0021861729345238026,0.05935393588537009,-0.0010575521136645925,-0.4847216302199441,-9.424258619900207e-05,-0.063759,0.007223,-0.0005719235490000001,-0.0167,-0.0012,0.00012
ja-sport-eindecker-tiefdecker-nf_ohne-elevon-1300,4.92,0.42,-0.031755835271762275,-0.00036519000843550673,0.05630517507527358,-6.9166106659892e-06,-0.48427849777031334,2.0781730109649906e-05,-0.061224,0.003824,-0.000254727976,-0.0006,-0.0017,0.00011
ja-sport-eindecker-tiefdecker-nf_winglet-elevon-1300,5.11,0.435,-0.06799386910480157,0.07538013414953088,0.07596881314885355,-0.02901057614947368,-0.4720401280969855,-0.0037539980089790342,-0.089098,0.017049,-0.001306799404,-0.0028,0.0068,-0.00044
ja-sport-eindecker-tiefdecker-normal-hsq-1300,2.98,0.444,-0.04889845259699723,0.10971112559956746,0.10013171060537733,-0.13488650976992814,-0.41917188175276054,-0.004389821074766859,-0.087063,0.083511,0.0005086304700000002,-0.084,0.0803,-0.0012
ja-trainer-eindecker-hochdecker-normal-hs-1500,1.71,0.437,-0.07004245167628341,0.1347610165790799,0.12311939846461568,-0.1624357730617093,-0.46578965285985474,-0.005214295512521908,-0.136928,0.084722,0.005187613881999998,-0.1299,0.0958,0.00364
ja-trainer-eindecker-hochdecker-normal-hsq-1500,1.76,0.438,-0.031208380353701198,0.13202910731851933,0.11254496046254743,-0.1582951233947504,-0.4621382853444185,-0.009919076244028754,-0.08788,0.088814,-0.00023515496000000094,-0.0544,0.1016,-0.0093
nein-hang-eindecker-mitteldecker-kreuz-hsq-2000,3.22,0.627,-0.09671405140233784,0.03045111417792238,0.1364820949211873,-0.04116586536016243,-0.5695225831218961,-0.00017471423722264633,-0.131456,0.034491,0.0016920542279999983,-0.1258,0.0163,0.0024
nein-hang-eindecker-mitteldecker-kreuz-hsqk-2000,3.23,0.629,-0.09671259418194494,0.03040891285902417,0.13665109979091117,-0.04115594096060548,-0.5695149097663578,-0.000175113569332511,-0.131557,0.034027,0.0017250060229999998,-0.1258,0.0162,0.00234
nein-hang-eindecker-mitteldecker-nf_mitte-elevon-2000,4.46,0.423,-0.03356271136495984,0.0014724231533252948,0.06186007880629446,-0.0006486698774374245,-0.48413087562158885,-6.931309243333917e-05,-0.062728,0.005375,-0.0003711188229999999,-0.0226,-0.0016,0.00015
nein-hang-eindecker-mitteldecker-nf_ohne-elevon-2000,4.22,0.404,-0.033135740404994875,-0.00041559469407710463,0.059092998598318444,0.00019524647365918145,-0.48362108576949875,1.8089100208405622e-05,-0.06077,0.002936,-0.00015864199400000001,-0.0036,-0.0021,0.00014
nein-hang-eindecker-mitteldecker-nf_winglet-elevon-2000,-0.82,-0.018,-1.2188710236032887,-8.007800092867072,0.5046466683421222,3.1174849885707814,-3.688464657873836,0.24129751852795023,-0.091559,0.015975,-0.0011391751639999999,-0.008,0.0087,-0.00055
nein-hang-eindecker-mitteldecker-t-hsq-2000,3.2,0.627,-0.10262492139005254,0.04760590739807529,0.14137207792152706,-0.056743262864019484,-0.5692698661481582,-0.0009068731593706147,-0.133905,0.038099,0.0016045705469999987,-0.1259,0.0163,0.0024
nein-hang-eindecker-mitteldecker-t-hsqk-2000,3.21,0.629,-0.10262220652259572,0.04755828480762585,0.14153949188202836,-0.05672861151096493,-0.5692623015891957,-0.000909760180233807,-0.134036,0.037626,0.0016427883879999994,-0.1259,0.0162,0.00234
nein-hang-eindecker-mitteldecker-v-hsq-2000,3.25,0.643,-0.11809201593902866,0.0521090992538541,0.156577958746831,-0.06209372060795176,-0.5697468948169164,-0.000826363749556659,-0.156095,0.057744,0.0013799216750000013,-0.1708,0.1156,3e-05
nein-hang-eindecker-mitteldecker-v-hsqk-2000,3.26,0.644,-0.11809114807458913,0.052061004858318966,0.156748154281018,-0.06208151776921389,-0.5697389103553134,-0.000829188713977135,-0.156024,0.056902,0.001436292631999998,-0.1708,0.1156,-0.00047
nein-hang-eindecker-ohne_rumpf-nf_mitte-elevon-2000,4.29,0.409,-0.03266316511416954,0.0014303661043565678,0.059772049647231255,-0.0006402415851417117,-0.48425588737610664,-6.458359719487618e-05,-0.060762,0.006507,-0.000523344222,-0.0228,0.0,4e-05
nein-hang-eindecker-ohne_rumpf-nf_ohne-elevon-2000,4.03,0.389,-0.03207512379019808,-0.00039596966646737936,0.056709323697836225,0.00018557647871204587,-0.483757413643992,1.6502783462984933e-05,-0.058429,0.004088,-0.000309540511,-0.0036,-0.0005,4e-05
nein-hang-eindecker-ohne_rumpf-nf_winglet-elevon-2000,-0.78,-0.012,-1.1680215312266942,-7.76825125079292,0.4842402159926584,3.0241923018499572,-3.548521075989758,0.22937794043843462,-0.08948,0.01721,-0.00131290865,-0.0081,0.0104,-0.00064
nein-hang-eindecker-schulterdecker-kreuz-hsq-2000,3.23,0.627,-0.09749872276118654,0.030998442944910075,0.13755094617414376,-0.039927673462510374,-0.5776682783602263,-0.00037096799157710844,-0.13483,0.034112,0.0018299781279999998,-0.1263,0.0163,0.0024
nein-hang-eindecker-schulterdecker-kreuz-hsqk-2000,3.25,0.629,-0.09749694846272311,0.030952860045359246,0.137721218745704,-0.03991476935757066,-0.577659931773128,-0.0003712973981555355,-0.13359,0.034236,0.0016584243899999988,-0.1263,0.0162,0.00234
nein-hang-eindecker-schulterdecker-nf_mitte-elevon-2000,4.46,0.423,-0.031873822538205566,0.0016210376850432798,0.06140418440504327,-0.0006892155701717962,-0.48424123105309974,-7.7570562165698e-05,-0.062619,0.005336,-0.0003682316989999999,-0.0224,-0.0016,0.00015
nein-hang-eindecker-schulterdecker-nf_ohne-elevon-2000,4.22,0.404,-0.03313512381232744,-0.0004155946940989313,0.05909545784139311,0.00019524647365861805,-0.4835866150375602,1.8090242645631426e-05,-0.060736,0.002929,-0.00015793836700000004,-0.0035,-0.0021,0.00014
nein-hang-eindecker-schulterdecker-nf_winglet-elevon-2000,-0.82,-0.018,-1.2021512973776665,-8.00780009275001,0.49923897191837113,3.1174849885679965,-3.6635009801479264,0.25011726206993545,-0.093219,0.016098,-0.0011484051510000002,-0.0092,0.0087,-0.00055
nein-hang-eindecker-schulterdecker-t-hsq-2000,3.21,0.627,-0.10343654589009812,0.04796561075847098,0.14243574358145952,-0.05538980636209424,-0.5773577787133312,-0.0011026871871052581,-0.137341,0.037294,0.0017822892659999992,-0.1264,0.0163,0.0024
nein-hang-eindecker-schulterdecker-t-hsqk-2000,3.22,0.629,-0.10343354984966635,0.04791456333935262,0.14260438898743713,-0.055372072173411814,-0.5773495881762792,-0.0011054970411803226,-0.136124,0.037366,0.0016020924839999992,-0.1264,0.0162,0.00234
nein-hang-eindecker-schulterdecker-v-hsq-2000,3.33,0.643,-0.11887014213343301,0.05336453829706425,0.1584642890978771,-0.06237500043690787,-0.577824018818683,-0.0010418484567725388,-0.159529,0.055627,0.0018098660349999997,-0.1712,0.1156,-2e-05
nein-hang-eindecker-schulterdecker-v-hsqk-2000,3.35,0.644,-0.11886894595619966,0.053315668212269574,0.15863751564780654,-0.06236221932947156,-0.5778151958029759,-0.0010449338711135516,-0.158161,0.055805,0.0015332801669999986,-0.1713,0.1156,-0.00053
nein-segel_trainer-eindecker-hochdecker-normal-hs-2000,1.97,0.554,-0.16489403043270048,0.07205961273432067,0.1472234787719566,-0.07860411785688441,-0.5624108196474009,0.0023524829363220003,-0.219369,0.047908,0.007096744166999999,-0.1921,0.0235,0.0058
nein-segel_trainer-eindecker-hochdecker-t-hs-2000,1.97,0.554,-0.17444801825468556,0.05900003910097616,0.15598959923970995,-0.07349688081125184,-0.5630536367839876,0.0036179927509352224,-0.225034,0.046311,0.007646196598000001,-0.1923,0.0235,0.00581
nein-segel_trainer-eindecker-schulterdecker-normal-hs-2000,1.98,0.554,-0.16369554517085744,0.07674028209933487,0.14626742005258603,-0.07686586048573382,-0.5567256206917311,0.0013579958604619056,-0.217758,0.047029,0.007133678683,-0.1908,0.0235,0.00576
nein-segel_trainer-eindecker-schulterdecker-t-hs-2000,1.97,0.554,-0.17398282575068916,0.061538081175041594,0.15501795201087407,-0.07199742984587557,-0.5574188407414472,0.0029868089769385653,-0.223526,0.045542,0.007683770466000002,-0.1911,0.0235,0.00577
nein-thermik-eindecker-schulterdecker-kreuz-hs-3000,2.27,0.671,-0.21967675569593503,0.022242075507507352,0.17231516316650858,-0.042541830333981075,-0.6324436206760721,0.0055128043988979455,-0.275509,0.033873,0.008118703540000001,-0.2687,0.0279,0.0086
nein-thermik-eindecker-schulterdecker-kreuz-hsqk-3000,2.31,0.681,-0.12712355012080004,0.029958827218154488,0.1627006875623455,-0.035362913414176536,-0.6282835917435978,-0.000378862691130662,-0.161572,0.033228,0.0012885011239999996,-0.1584,0.0275,0.00134
nein-thermik-eindecker-schulterdecker-t-hs-3000,2.24,0.671,-0.2262258444278796,0.039210898822652475,0.17698271010969793,-0.05629073850725621,-0.632423714651671,0.0057947687128027964,-0.278065,0.037506,0.008288051731,-0.2688,0.0279,0.00861
nein-thermik-eindecker-schulterdecker-t-hsqk-3000,2.28,0.681,-0.1330298322141695,0.046404927296185276,0.16673482232748094,-0.04780842440902225,-0.6281631449140022,-0.001377370630293087,-0.163961,0.036367,0.001166948628000001,-0.1585,0.0275,0.00134
nein-thermik-eindecker-schulterdecker-v-hs-3000,2.46,0.695,-0.24848745375198844,0.05174682678000922,0.19799685331781886,-0.06859040891945035,-0.6344721453364406,0.006798147192577831,-0.310448,0.071664,0.009747640464,-0.3264,0.1345,0.01422
nein-thermik-eindecker-schulterdecker-v-hsqk-3000,2.47,0.698,-0.15095690497372527,0.05621434008397192,0.18291853828744267,-0.05683163774510016,-0.6297505151527683,-0.0017035167803650785,-0.18887,0.061567,6.280296000000032e-05,-0.2017,0.1112,-0.00359
nein-wurf-eindecker-schulterdecker-normal-hsq-1500,0.98,0.546,-0.09049455598688821,0.149153039274053,0.15769757761274872,-0.15013039245413928,-0.5343358167021526,-0.00993508978182272,-0.133141,0.117111,-0.0026033018529999993,-0.1278,0.0752,-0.00269
nein-wurf-eindecker-schulterdecker-t-hsq-1500,0.92,0.546,-0.1082757251973809,0.13853407926669206,0.17335528481982343,-0.14308193479790493,-0.5360206279736764,-0.00852331451564187,-0.14237,0.116243,-0.0019635734199999998,-0.1282,0.0752,-0.00268
nein-wurf-eindecker-schulterdecker-v-hsq-1500,1.37,0.574,-0.17188916391505665,0.1807020077026796,0.23743272808727064,-0.18013373782257303,-0.5486675295303831,-0.011941533072478118,-0.227456,0.199122,-0.004986130938000002,-0.2081,0.1835,-0.00895
